El/La Sr/a Juan Pérezcon Dni 12345678A residente en Calle Falsa 123,
 con codigo postal 28001,
 ha realizado una compra de 100.0 euros
con numero de pedido 1.
El/La Sr/a María Garcíacon Dni 23456789B residente en Calle Real 456,
 con codigo postal 8001,
 ha realizado una compra de 200.0 euros
con numero de pedido 2.
El/La Sr/a Pedro Martínezcon Dni 34567890C residente en Calle Nueva 789,
 con codigo postal 46001,
 ha realizado una compra de 50.0 euros
con numero de pedido 3.
El/La Sr/a Ana Lópezcon Dni 45678901D residente en Calle Vieja 321,
 con codigo postal 41001,
 ha realizado una compra de 150.0 euros
con numero de pedido 4.
El/La Sr/a Carlos Díazcon Dni 56789012E residente en Calle Alta 654,
 con codigo postal 50001,
 ha realizado una compra de 250.0 euros
con numero de pedido 5.
El/La Sr/a Eva Rodríguezcon Dni 67890123F residente en Calle Baja 987,
 con codigo postal 29001,
 ha realizado una compra de 300.0 euros
con numero de pedido 6.
El/La Sr/a Luis Gonzálezcon Dni 78901234G residente en Calle Larga 111,
 con codigo postal 48001,
 ha realizado una compra de 400.0 euros
con numero de pedido 7.
El/La Sr/a Sofía Sánchezcon Dni 89012345H residente en Calle Corta 222,
 con codigo postal 3001,
 ha realizado una compra de 350.0 euros
con numero de pedido 8.
El/La Sr/a Daniel Fernándezcon Dni 90123456I residente en Calle Ancha 333,
 con codigo postal 14001,
 ha realizado una compra de 450.0 euros
con numero de pedido 9.
El/La Sr/a Cristina Torrescon Dni 01234567J residente en Calle Estrecha 444,
 con codigo postal 18001,
 ha realizado una compra de 500.0 euros
con numero de pedido 10.
